Sounds/fireLoop	[code_word]
Damage	[code_word]
newChar	[code_word]
difficulty	[code_word]
Backwall	[code_word]
Weapons	[code_word]
GameManagerStarted	[code_word]
masterVol	[code_word]
whines	[code_word]
musicVol	[code_word]
bloom	[code_word]
filmGrain	[code_word]
toneMapping	[code_word]
lighting	[code_word]
m_NormalMapQuality	[code_word]
weather	[code_word]
LimbDeathSprite	[code_word]
LevelEditor	[code_word]
Spawnables/DamageNumber	[code_word]
deaths	[code_word]
shotsFired	[code_word]
LevelSelect	[code_word]
Enemies/Abomination	[code_word]
SwitchDelayed	[code_word]
ScarfHold	[code_word]
scarfImage	[code_word]
scStHue	[code_word]
scStSat	[code_word]
